candidate_id,rank,score,reasoning
CAND_0008809,1,0.5640084743499756,Good semantic fit.
CAND_0080500,2,0.05163357853889466,Partial skill overlap; Major concern: Duplicate candidate profile detected.
CAND_0094758,3,0.05163357853889466,Partial skill overlap; Major concern: Duplicate candidate profile detected.
CAND_0050015,4,0.05077532529830933,Partial skill overlap; Major concern: Duplicate candidate profile detected.
CAND_0069121,5,0.05077532529830933,Partial skill overlap; Major concern: Duplicate candidate profile detected.
CAND_0050051,6,0.049944317340850836,Partial skill overlap; Major concern: Duplicate candidate profile detected.
CAND_0099598,7,0.049944317340850836,Partial skill overlap; Major concern: Duplicate candidate profile detected.
CAND_0045832,8,0.04915485680103302,Partial skill overlap; Major concern: Duplicate candidate profile detected.
CAND_0031500,9,0.049139279127120974,Partial skill overlap; Major concern: Duplicate candidate profile detected.
CAND_0050045,10,0.04835900664329529,Partial skill overlap; Major concern: Duplicate candidate profile detected.
CAND_0064724,11,0.04835900664329529,Partial skill overlap; Major concern: Duplicate candidate profile detected.
CAND_0046653,12,0.047602382302284245,Partial skill overlap; Major concern: Duplicate candidate profile detected.
CAND_0051500,13,0.047602382302284245,Partial skill overlap; Major concern: Duplicate candidate profile detected.
CAND_0008515,14,0.04717189371585846,Partial skill overlap; Major concern: Duplicate candidate profile detected.
CAND_0001586,15,0.04686834216117859,Partial skill overlap; Major concern: Duplicate candidate profile detected.
CAND_0063183,16,0.04686834216117859,Partial skill overlap; Major concern: Duplicate candidate profile detected.
CAND_0007088,17,0.04615589082241059,Partial skill overlap; Major concern: Duplicate candidate profile detected.
CAND_0058334,18,0.04615589082241059,Partial skill overlap; Major concern: Duplicate candidate profile detected.
CAND_0085908,19,0.04572403132915497,Partial skill overlap; Major concern: Duplicate candidate profile detected.
CAND_0008318,20,0.04546409249305725,Partial skill overlap; Major concern: Duplicate candidate profile detected.
CAND_0082852,21,0.04546409249305725,Partial skill overlap; Major concern: Duplicate candidate profile detected.
CAND_0045708,22,0.04479205906391144,Partial skill overlap; Major concern: Duplicate candidate profile detected.
CAND_0049305,23,0.04413895308971405,Partial skill overlap; Major concern: Duplicate candidate profile detected.
CAND_0089500,24,0.04413895308971405,Partial skill overlap; Major concern: Duplicate candidate profile detected.
CAND_0008618,25,0.04350399374961853,Partial skill overlap; Major concern: Duplicate candidate profile detected.
CAND_0081211,26,0.04350399374961853,Partial skill overlap; Major concern: Duplicate candidate profile detected.
CAND_0031808,27,0.042886427044868475,Partial skill overlap; Major concern: Duplicate candidate profile detected.
CAND_0076889,28,0.042886427044868475,Partial skill overlap; Major concern: Duplicate candidate profile detected.
CAND_0008585,29,0.04228555858135224,Partial skill overlap; Major concern: Duplicate candidate profile detected.
CAND_0008018,30,0.04214798510074616,Partial skill overlap; Major concern: Duplicate candidate profile detected.
CAND_0008615,31,0.041700705885887146,Partial skill overlap; Major concern: Duplicate candidate profile detected.
CAND_0035435,32,0.041700705885887146,Partial skill overlap; Major concern: Duplicate candidate profile detected.
CAND_0001880,33,0.041131243109703064,Partial skill overlap; Major concern: Duplicate candidate profile detected.
CAND_0055714,34,0.041131243109703064,Partial skill overlap; Major concern: Duplicate candidate profile detected.
CAND_0080518,35,0.04057657420635224,Partial skill overlap; Major concern: Duplicate candidate profile detected.
CAND_0081250,36,0.04057657420635224,Partial skill overlap; Major concern: Duplicate candidate profile detected.
CAND_0073860,37,0.040036129951477054,Partial skill overlap; Major concern: Duplicate candidate profile detected.
CAND_0047500,38,0.03950936496257782,Partial skill overlap; Major concern: Duplicate candidate profile detected.
CAND_0068666,39,0.03950936496257782,Partial skill overlap; Major concern: Duplicate candidate profile detected.
CAND_0027993,40,0.038995766639709474,Partial skill overlap; Major concern: Duplicate candidate profile detected.
CAND_0050083,41,0.03849485516548157,Partial skill overlap; Major concern: Duplicate candidate profile detected.
CAND_0067170,42,0.03849485516548157,Partial skill overlap; Major concern: Duplicate candidate profile detected.
CAND_0050011,43,0.03800615668296814,Partial skill overlap; Major concern: Duplicate candidate profile detected.
CAND_0055350,44,0.03800615668296814,Partial skill overlap; Major concern: Duplicate candidate profile detected.
CAND_0007318,45,0.037529236078262335,Partial skill overlap; Major concern: Duplicate candidate profile detected.
CAND_0052082,46,0.037529236078262335,Partial skill overlap; Major concern: Duplicate candidate profile detected.
CAND_0080868,47,0.037105226516723634,Partial skill overlap; Major concern: Duplicate candidate profile detected.
CAND_0001388,48,0.03706367313861847,Partial skill overlap; Major concern: Duplicate candidate profile detected.
CAND_0018765,49,0.03706367313861847,Partial skill overlap; Major concern: Duplicate candidate profile detected.
CAND_0007015,50,0.03660906255245209,Partial skill overlap; Major concern: Duplicate candidate profile detected.
CAND_0068398,51,0.03660906255245209,Partial skill overlap; Major concern: Duplicate candidate profile detected.
CAND_0025500,52,0.036165025830268864,Partial skill overlap; Major concern: Duplicate candidate profile detected.
CAND_0086050,53,0.036165025830268864,Partial skill overlap; Major concern: Duplicate candidate profile detected.
CAND_0006418,54,0.03573119044303894,Partial skill overlap; Major concern: Duplicate candidate profile detected.
CAND_0018282,55,0.03573119044303894,Partial skill overlap; Major concern: Duplicate candidate profile detected.
CAND_0029021,56,0.03530722260475159,Partial skill overlap; Major concern: Duplicate candidate profile detected.
CAND_0088708,57,0.03530722260475159,Partial skill overlap; Major concern: Duplicate candidate profile detected.
CAND_0007858,58,0.0348927766084671,Partial skill overlap; Major concern: Duplicate candidate profile detected.
CAND_0016738,59,0.0348927766084671,Partial skill overlap; Major concern: Duplicate candidate profile detected.
CAND_0053208,60,0.03448754549026489,Partial skill overlap; Major concern: Duplicate candidate profile detected.
CAND_0025273,61,0.034091219305992126,Partial skill overlap; Major concern: Duplicate candidate profile detected.
CAND_0050500,62,0.034091219305992126,Partial skill overlap; Major concern: Duplicate candidate profile detected.
CAND_0031885,63,0.033703505992889404,Partial skill overlap; Major concern: Duplicate candidate profile detected.
CAND_0089646,64,0.033703505992889404,Partial skill overlap; Major concern: Duplicate candidate profile detected.
CAND_0085649,65,0.033475625514984134,Partial skill overlap; Major concern: Duplicate candidate profile detected.
CAND_0008138,66,0.03332413136959076,Partial skill overlap; Major concern: Duplicate candidate profile detected.
CAND_0028038,67,0.03332413136959076,Partial skill overlap; Major concern: Duplicate candidate profile detected.
CAND_0036716,68,0.032952827215194706,Partial skill overlap; Major concern: Duplicate candidate profile detected.
CAND_0064858,69,0.032952827215194706,Partial skill overlap; Major concern: Duplicate candidate profile detected.
CAND_0008070,70,0.03258934319019318,Partial skill overlap; Major concern: Duplicate candidate profile detected.
CAND_0029426,71,0.03258934319019318,Partial skill overlap; Major concern: Duplicate candidate profile detected.
CAND_0008803,72,0.03245790898799896,Partial skill overlap; Major concern: Duplicate candidate profile detected.
CAND_0031708,73,0.032233431935310364,Partial skill overlap; Major concern: Duplicate candidate profile detected.
CAND_0064636,74,0.032233431935310364,Partial skill overlap; Major concern: Duplicate candidate profile detected.
CAND_0008878,75,0.03188485503196716,Partial skill overlap; Major concern: Duplicate candidate profile detected.
CAND_0067633,76,0.03188485503196716,Partial skill overlap; Major concern: Duplicate candidate profile detected.
CAND_0076963,77,0.03154339492321014,Partial skill overlap; Major concern: Duplicate candidate profile detected.
CAND_0084545,78,0.03154339492321014,Partial skill overlap; Major concern: Duplicate candidate profile detected.
CAND_0045805,79,0.03120883405208588,Partial skill overlap; Major concern: Duplicate candidate profile detected.
CAND_0052137,80,0.03120883405208588,Partial skill overlap; Major concern: Duplicate candidate profile detected.
CAND_0000088,81,0.03088096380233765,Partial skill overlap; Major concern: Duplicate candidate profile detected.
CAND_0008598,82,0.030559584498405457,Partial skill overlap; Major concern: Duplicate candidate profile detected.
CAND_0065352,83,0.030559584498405457,Partial skill overlap; Major concern: Duplicate candidate profile detected.
CAND_0017129,84,0.030244508385658266,Partial skill overlap; Major concern: Duplicate candidate profile detected.
CAND_0045859,85,0.030244508385658266,Partial skill overlap; Major concern: Duplicate candidate profile detected.
CAND_0027789,86,0.029935550689697266,Partial skill overlap; Major concern: Duplicate candidate profile detected.
CAND_0090500,87,0.029935550689697266,Partial skill overlap; Major concern: Duplicate candidate profile detected.
CAND_0013517,88,0.029632535576820374,Partial skill overlap; Major concern: Duplicate candidate profile detected.
CAND_0084581,89,0.029632535576820374,Partial skill overlap; Major concern: Duplicate candidate profile detected.
CAND_0085458,90,0.029618835449218752,Partial skill overlap; Major concern: Duplicate candidate profile detected.
CAND_0027096,91,0.0293352872133255,Partial skill overlap; Major concern: Duplicate candidate profile detected.
CAND_0064808,92,0.0293352872133255,Partial skill overlap; Major concern: Duplicate candidate profile detected.
CAND_0045018,93,0.02908497452735901,Partial skill overlap; Major concern: Duplicate candidate profile detected.
CAND_0007808,94,0.029043650627136233,Partial skill overlap; Major concern: Duplicate candidate profile detected.
CAND_0029050,95,0.029043650627136233,Partial skill overlap; Major concern: Duplicate candidate profile detected.
CAND_0030766,96,0.02875746488571167,Partial skill overlap; Major concern: Duplicate candidate profile detected.
CAND_0048500,97,0.02875746488571167,Partial skill overlap; Major concern: Duplicate candidate profile detected.
CAND_0017459,98,0.028476577997207642,Partial skill overlap; Major concern: Duplicate candidate profile detected.
CAND_0083151,99,0.028476577997207642,Partial skill overlap; Major concern: Duplicate candidate profile detected.
CAND_0008517,100,0.028200843930244447,Partial skill overlap; Major concern: Duplicate candidate profile detected.
